id,dex,celltype,geoid
AE1160, No treatment,EBC1,GSM2949380
AE1163, No treatment,EBC1,GSM2949381
AE1166, No treatment,EBC1,GSM2949382
AE1162, Crizotinib,EBC1,GSM2949383
AE1165, Crizotinib,EBC1,GSM2949384
AE1168, Crizotinib,EBC1,GSM2949385
AE1161, Interferon γ,EBC1,GSM2949386
AE1164, Interferon γ,EBC1,GSM2949387
AE1167, Interferon γ,EBC1,GSM2949388
AE1169, No treatment,H1573,GSM2949389
AE1171, No treatment,H1573,GSM2949390
AE1173, No treatment,H1573,GSM2949391
AE1170, Interferon γ,H1573,GSM2949392
AE1172, Interferon γ,H1573,GSM2949393
AE1174, Interferon γ,H1573,GSM2949394
AE1175, No treatment,H1993,GSM2949395
AE1177, No treatment,H1993,GSM2949396
AE1179, No treatment,H1993,GSM2949397
AE1176, Interferon γ,H1993,GSM2949398
AE1178, Interferon γ,H1993,GSM2949399
AE1180, Interferon γ,H1993,GSM2949400
AE1148, No treatment,H596,GSM2949401
AE1152, No treatment,H596,GSM2949402
AE1156, No treatment,H596,GSM2949403
AE1151, Crizotinib + Hepatocyte growth factor (HGF),H596,GSM2949404
AE1155, Crizotinib +HGF,H596,GSM2949405
AE1159, Crizotinib +HGF,H596,GSM2949406
AE1149, Hepatocyte growth factor (HGF),H596,GSM2949407
AE1153, Hepatocyte growth factor (HGF),H596,GSM2949408
AE1157, Hepatocyte growth factor (HGF),H596,GSM2949409
AE1150, Interferon γ,H596,GSM2949410
AE1154, Interferon γ,H596,GSM2949411
AE1158, Interferon γ,H596,GSM2949412
